id,prediction
img_001,0.999998
img_002,0.015029
img_003,0.023943
img_004,0.003869
img_005,0.999968
img_006,1.0
img_007,0.996246
img_008,0.002053
img_009,0.999996
img_010,0.999992
img_011,0.125094
img_012,0.999962
img_013,0.994044
img_014,0.575312
img_015,1.0
img_016,1.0
img_017,1.0
img_018,1.0
img_019,0.013025
img_020,0.999671
img_021,0.559543
img_022,0.985139
img_023,0.953719
img_024,0.029326
img_025,0.270013
img_026,0.998491
img_027,0.114915
img_028,0.874957
img_029,0.5212
img_030,1.0
img_031,0.405189
img_032,0.352653
img_033,1.0
img_034,0.999623
img_035,0.891572
img_036,0.397378
img_037,0.042248
img_038,0.915746
img_039,0.99987
img_040,0.059138
img_041,1.0
img_042,0.66432
img_043,0.036883
img_044,0.928619
img_045,0.937703
img_046,0.323988
img_047,0.965521
img_048,0.110919
img_049,0.999998
img_050,0.999967
img_051,0.999999
img_052,1.0
img_053,0.889407
img_054,1.0
img_055,0.999998
img_056,0.991518
img_057,0.424971
img_058,0.999999
img_059,0.995441
img_060,0.999788
img_061,0.999983
img_062,0.013562
img_063,0.14925
img_064,0.006862
img_065,1.0
img_066,0.002937
img_067,0.191355
img_068,0.999841
img_069,0.957486
img_070,0.999963
img_071,0.832727
img_072,1.0
img_073,1.0
img_074,1.0
img_075,1.0
img_076,0.827997
img_077,0.287496
img_078,0.999992
img_079,1.0
img_080,0.999996
img_081,0.194438
img_082,0.002159
img_083,0.526415
img_084,0.999832
img_085,0.999999
img_086,1.0
img_087,1.0
img_088,1.0
img_089,0.998128
img_090,0.991284
img_091,0.9984
img_092,0.985382
img_093,0.999813
img_094,0.060412
img_095,1.0
img_096,0.058865
img_097,0.159286
img_098,1.0
img_099,0.999867
img_100,0.999366
img_101,0.999999
img_102,1.0
img_103,0.999976
img_104,0.007979
img_105,0.008389
img_106,0.058572
img_107,1.0
img_108,1.0
img_109,0.997071
img_110,0.022341
img_111,0.996114
img_112,0.999998
img_113,1.0
img_114,0.035774
img_115,1.0
img_116,0.003349
img_117,0.998571
img_118,0.99999
img_119,0.038196
img_120,0.963103
img_121,0.992211
img_122,0.001689
img_123,0.057355
img_124,1.0
img_125,0.162309
img_126,1.0
img_127,0.999358
img_128,0.158814
img_129,0.270268
img_130,0.801853
img_131,0.98711
img_132,0.198547
img_133,1.0
img_134,0.999161
img_135,0.999052
img_136,0.99991
img_137,0.999669
img_138,0.999602
img_139,1.0
img_140,0.999874
img_141,1.0
img_142,0.999572
img_143,0.999961
img_144,0.984084
img_145,0.023644
img_146,0.999988
img_147,0.999911
img_148,0.889581
img_149,0.999996
img_150,1.0
img_151,0.559722
img_152,0.99951
img_153,0.999996
img_154,0.999967
img_155,0.057409
img_156,0.999995
img_157,1.0
img_158,0.747177
img_159,0.19056
img_160,0.994316
img_161,0.010848
img_162,1.0
img_163,0.951124
img_164,1.0
img_165,0.032148
img_166,1.0
img_167,1.0
img_168,1.0
img_169,1.0
img_170,0.264668
img_171,0.004883
img_172,1.0
img_173,0.94641
img_174,0.922512
img_175,0.999998
img_176,1.0
img_177,0.999999
img_178,1.0
img_179,0.999976
img_180,0.180315
img_181,0.82456
img_182,0.99811
img_183,0.177162
img_184,0.999969
img_185,0.046297
img_186,0.999844
img_187,0.999907
img_188,0.96358
img_189,0.4255
img_190,0.008313
img_191,0.033527
img_192,0.274015
img_193,1.0
img_194,0.999999
img_195,0.683418
img_196,0.045411
img_197,0.127523
img_198,0.999857
img_199,0.995655
img_200,0.999889
img_201,0.361043
img_202,0.999445
img_203,0.287808
img_204,0.999927
img_205,0.019501
img_206,1.0
img_207,0.034748
img_208,0.585795
img_209,0.885833
img_210,0.016874
img_211,0.999997
img_212,0.999997
img_213,0.999783
img_214,1.0
img_215,0.05158
img_216,0.304254
img_217,0.137257
img_218,0.719284
img_219,0.999999
img_220,1.0
img_221,0.223912
img_222,0.038224
img_223,0.99999
img_224,0.999996
img_225,0.040642
img_226,0.999434
img_227,0.994493
img_228,0.998157
img_229,0.403528
img_230,0.073142
img_231,0.999608
img_232,0.999626
img_233,0.999879
img_234,0.98416
img_235,0.79542
img_236,0.999998
img_237,0.998925
img_238,0.885976
img_239,0.998228
img_240,1.0
img_241,0.04323
img_242,0.994457
img_243,0.022666
img_244,1.0
img_245,1.0
img_246,0.996584
img_247,0.999992
img_248,0.727015
img_249,0.678266
img_250,0.092933
img_251,1.0
img_252,0.205653
img_253,0.942463
img_254,0.407313
img_255,0.012336
img_256,0.042788
img_257,0.2533
img_258,0.038899
img_259,1.0
img_260,0.999993
img_261,0.025208
img_262,0.999894
img_263,0.999953
img_264,0.999539
img_265,0.637492
img_266,0.115713
img_267,0.999155
img_268,0.702244
img_269,0.480229
img_270,1.0
img_271,0.323872
img_272,0.981851
img_273,1.0
img_274,0.998975
img_275,1.0
img_276,0.999907
img_277,1.0
img_278,0.999998
img_279,0.151429
img_280,1.0
img_281,0.969615
img_282,0.180205
img_283,0.999175
img_284,0.999975
img_285,0.022715
img_286,0.991706
img_287,0.998068
img_288,1.0
img_289,0.999981
img_290,0.465228
img_291,0.007236
img_292,0.925665
img_293,0.036269
img_294,0.641175
img_295,0.005986
img_296,0.999997
img_297,0.99993
img_298,0.0256
img_299,0.997914
img_300,0.996718
img_301,1.0
img_302,1.0
img_303,0.997153
img_304,0.99992
img_305,0.649507
img_306,0.859103
img_307,1.0
img_308,0.999998
img_309,0.014744
img_310,0.026525
img_311,0.027908
img_312,0.257107
img_313,0.079329
img_314,0.496131
img_315,1.0
img_316,0.115746
img_317,0.99998
img_318,0.999489
img_319,0.99998
img_320,0.992045
img_321,0.089066
img_322,0.999998
img_323,0.999928
img_324,0.010422
img_325,0.027065
img_326,0.995602
img_327,1.0
img_328,0.996182
img_329,0.999737
img_330,0.008534
img_331,0.007955
img_332,1.0
img_333,0.991728
img_334,0.948429
img_335,0.592084
img_336,0.999491
img_337,0.99617
img_338,0.999969
img_339,0.999999
img_340,0.999513
img_341,0.048624
img_342,0.99961
img_343,0.98871
img_344,0.00935
img_345,0.713081
img_346,0.999993
img_347,0.010148
img_348,0.999411
img_349,0.999927
img_350,0.999995
img_351,1.0
img_352,0.009084
img_353,0.999971
img_354,0.012587
img_355,1.0
img_356,0.999903
img_357,0.083261
img_358,0.999994
img_359,0.976856
img_360,0.017777
img_361,0.516316
img_362,0.174277
img_363,0.999999
img_364,1.0
img_365,0.025614
img_366,1.0
img_367,0.994338
img_368,0.999963
img_369,0.722589
img_370,1.0
img_371,0.017412
img_372,0.990218
img_373,0.98402
img_374,0.007894
img_375,0.007373
img_376,0.5491
img_377,0.031066
img_378,0.403445
img_379,0.007115
img_380,1.0
img_381,1.0
img_382,1.0
img_383,0.999982
img_384,0.99213
img_385,1.0
img_386,1.0
img_387,0.160282
img_388,0.573294
img_389,0.995827
img_390,0.054464
img_391,0.999191
img_392,0.0095
img_393,0.060045
img_394,0.999998
img_395,1.0
img_396,1.0
img_397,0.011186
img_398,1.0
img_399,0.999999
img_400,0.078338
img_401,1.0
img_402,1.0
img_403,0.067508
img_404,0.99963
img_405,0.998926
img_406,0.626693
img_407,0.158241
img_408,0.012369
img_409,0.628833
img_410,0.999992
img_411,0.999991
img_412,0.999999
img_413,0.9998
img_414,0.999983
img_415,0.999999
img_416,0.06218
img_417,1.0
img_418,1.0
img_419,1.0
img_420,0.132103
img_421,0.106561
img_422,0.998858
img_423,0.004325
img_424,1.0
img_425,1.0
img_426,0.013364
img_427,0.037324
img_428,0.999865
img_429,0.116263
img_430,0.999933
img_431,0.054834
img_432,0.999995
img_433,0.80558
img_434,0.999467
img_435,0.999996
img_436,0.274487
img_437,1.0
img_438,0.999935
img_439,0.012833
img_440,0.501536
img_441,0.004381
img_442,0.999997
img_443,0.251554
img_444,0.999991
img_445,0.997394
img_446,0.999954
img_447,0.99699
img_448,0.999953
img_449,0.843936
img_450,0.027813
img_451,0.999977
img_452,0.062138
img_453,0.995151
img_454,1.0
img_455,0.634426
img_456,1.0
img_457,0.997958
img_458,0.320054
img_459,0.999999
img_460,0.035862
img_461,1.0
img_462,0.030815
img_463,1.0
img_464,0.999999
img_465,0.008445
img_466,1.0
img_467,0.069668
img_468,0.998047
img_469,0.852644
img_470,0.320801
img_471,0.347244
img_472,0.055108
img_473,0.996849
img_474,0.949317
img_475,1.0
img_476,1.0
img_477,0.999815
img_478,0.012704
img_479,1.0
img_480,0.998106
img_481,0.999995
img_482,0.004987
img_483,1.0
img_484,0.817886
img_485,1.0
img_486,0.083736
img_487,0.99975
img_488,0.963103
img_489,0.988688
img_490,0.999995
img_491,0.999924
img_492,0.999959
img_493,0.999977
img_494,0.994275
img_495,0.015029
img_496,0.528894
img_497,0.999998
img_498,1.0
img_499,0.464184
img_500,0.995426
img_501,0.999057
img_502,0.319822
img_503,1.0
img_504,0.817886
img_505,0.061165
img_506,1.0
img_507,0.006551
img_508,0.932437
img_509,0.969298
img_510,0.05746
img_511,0.999991
img_512,0.999968
img_513,0.988272
img_514,0.99999
img_515,1.0
img_516,0.963267
img_517,0.999032
img_518,1.0
img_519,0.999582
img_520,1.0
img_521,0.736416
img_522,0.999996
img_523,0.999976
img_524,0.998309
img_525,1.0
img_526,1.0
img_527,0.999999
img_528,1.0
img_529,0.983434
